name,genre,director,country,year,imdb_url
...а пятый всадник – Страх,,Збынек Брыных,Чехословакия,1965,https://www.imdb.com/title/tt0123368/
,,,,,
?,Драматический фильм,[d],Индонезия,,https://www.imdb.com/title/tt1979169/
5 неизвестных...,Триллер,,Соединённые Штаты Америки,2006,https://www.imdb.com/title/tt0450340/
5 дней в августе,Военный фильм,Ренни Харлин,Соединённые Штаты Америки,2011,https://www.imdb.com/title/tt1486193/
,,,,,
5 терапия,Драма (жанр),,Украина,2017,https://www.imdb.com/title/tt7607276/
,,,,,
5 причин не влюбиться в казаха,Кинокомедия,,Казахстан,2017,
5 разбитых камер,Документальное кино,,Израиль,2011,https://www.imdb.com/title/tt2125423/
,,,,,
55 дней в Пекине,Драма (жанр),Николас Рэй,Соединённые Штаты Америки,1963,https://www.imdb.com/title/tt0056800/
5 недель,Трагикомедия,,Россия,2021,https://www.imdb.com/title/tt15436686/
55,Документальный фильм,Никита Михалков,Россия,2007,
50 первых поцелуев,Романтическая комедия,Питер Сигал,Соединённые Штаты Америки,2004,https://www.imdb.com/title/tt0343660/
4:44. Последний день на Земле,Драма (жанр),Абель Феррара,Соединённые Штаты Америки,2011,https://www.imdb.com/title/tt1707391/
4:0 в пользу Танечки,Кинокомедия,Радомир Василевский,Союз Советских Социалистических Республик,1982,https://www.imdb.com/title/tt0083512/
47 ронинов,Фэнтези,,Соединённые Штаты Америки,2013,https://www.imdb.com/title/tt1335975/
4 x 4,,,Финляндия,1965,https://www.imdb.com/title/tt0058864/
51,Кинофантастика,Джейсон Коннери,Соединённые Штаты Америки,2011,https://www.imdb.com/title/tt1629439/
4.3.2.1,Триллер,Ноэль Кларк,Кинематограф Великобритании,2010,https://www.imdb.com/title/tt1514041/
45-й калибр,Драма (жанр),Гари Леннон,Соединённые Штаты Америки,2006,https://www.imdb.com/title/tt0259822/
42 / Номер 42,Драма (жанр),Брайан Хелгеленд,Соединённые Штаты Америки,,https://www.imdb.com/title/tt0453562/
40 дней и 40 ночей,Кинокомедия,Майкл Леманн,США,2002,https://www.imdb.com/title/tt0243736/
50 оттенков голубого,Драма (жанр),,Новая Зеландия,2005,https://www.imdb.com/title/tt0429482/
50 таблеток,Драма,Тео Эвгерино,Соединённые Штаты Америки,2006,https://www.imdb.com/title/tt0426462/
49 дней,Драматический фильм,Генрих Габай,Кинематограф СССР,,https://www.imdb.com/title/tt0166942/
38-я параллель,Драма (жанр),Кан Джегю,Республика Корея,2004,https://www.imdb.com/title/tt0386064/
36 безумных кулаков,Боевик (киножанр),Чэнь Чжихуа,Кинематограф Гонконга,,https://www.imdb.com/title/tt0076661/
44 минуты: Бойня в северном Голливуде,,,,2003,https://www.imdb.com/title/tt0362389/
34-й скорый,Фильм-катастрофа,Андрей Малюков,Кинематограф СССР,,https://www.imdb.com/title/tt0081967/
33,Драма (жанр),,Соединённые Штаты Америки,2015,https://www.imdb.com/title/tt2006295/
42-я улица,Кинокомедия,Ллойд Бэкон,Соединённые Штаты Америки,1933,https://www.imdb.com/title/tt0024034/
40-я дверь,Драма (жанр),Эльчин Мусаоглу,Азербайджан,2009,https://www.imdb.com/title/tt1441366/
40,Детективный фильм,Александр Галибин,Россия,2007,https://www.imdb.com/title/tt13374330/
 ,Драматический фильм,Дени Вильнёв,Канада,1998,https://www.imdb.com/title/tt0156248/
31 июня,Музыкальный фильм,Леонид Квинихидзе,Союз Советских Социалистических Республик,1978,https://www.imdb.com/title/tt0077114/
45 лет,Фильм-драма,Эндрю Хэйг,Великобритания,2015,https://www.imdb.com/title/tt3544082/
30 свиданий,Комедия,Татьяна Капитан,Россия,2016,https://www.imdb.com/title/tt5437194/
39-я бригада,,Карой Макк,Флаг Венгрии,1959,https://www.imdb.com/title/tt0052531/
30 дней ночи,Фильм ужасов,Дэвид Слейд,Соединённые Штаты Америки,2007,https://www.imdb.com/title/tt0389722/
30 Rock: A XXX Parody,Порнофильм,,Соединённые Штаты Америки,,https://www.imdb.com/title/tt1499909/
30 безумных желаний,Независимый кинематограф,[d],Соединённые Штаты Америки,,https://www.imdb.com/title/tt4859168/
32 декабря,Кинокомедия,Александр Муратов,Россия,2004,https://www.imdb.com/title/tt0417390/
30 дней до рассвета,Фильм ужасов,Андерс Банке,Швеция,2006,https://www.imdb.com/title/tt0454457/
31,Фильм ужасов,Роб Зомби,Соединённые Штаты Америки,2016,https://www.imdb.com/title/tt3835080/
28 недель спустя,Постапокалиптика,Хуан Карлос Фреснадильо,Великобритания,2007,https://www.imdb.com/title/tt0463854/
30 ночей паранормального явления с одержимой девушкой с татуировкой дракона,Кинокомедия,Крэйг Мосс,Соединённые Штаты Америки,2012,https://www.imdb.com/title/tt2417650/
28 дней спустя,Постапокалиптика,Дэнни Бойл,Великобритания,2002,https://www.imdb.com/title/tt0289043/
31-й километр,Ужасы,Ригоберто Кастаньеда,Мексика,2006,https://www.imdb.com/title/tt0460485/
28 дней,Драма (жанр),Бетти Томас,Соединённые Штаты Америки,2000,https://www.imdb.com/title/tt0191754/
30 дней ночи: Тёмные времена,Триллер,Бен Кетай,Соединённые Штаты Америки,2010,https://www.imdb.com/title/tt1320304/
27 свадеб,Романтическая комедия,Энн Флетчер,Соединённые Штаты Америки,2008,https://www.imdb.com/title/tt0988595/
25-й час,Детективный фильм,Спайк Ли,Соединённые Штаты Америки,2002,https://www.imdb.com/title/tt0307901/
29 Километр,Драма (жанр),Леонид Андронов,Россия,2012,https://www.imdb.com/title/tt2153518/
29-я улица,Комедия,Джордж Галло,Соединённые Штаты Америки,1991,https://www.imdb.com/title/tt0101252/
24-25 не возвращается,Детективный фильм,Алоиз Бренч,Союз Советских Социалистических Республик,1968,https://www.imdb.com/title/tt0312292/
29 пальм,Драма (жанр),Брюно Дюмон,Франция,2003,https://www.imdb.com/title/tt0315110/
27-й день,Научная фантастика в кинематографе,Уильям Эшер,Соединённые Штаты Америки,1957,https://www.imdb.com/title/tt0050085/
24 часа,Боевик (киножанр),Александр Атанесян,Россия,2000,https://www.imdb.com/title/tt0260671/
27 Секунд памяти,Документальное кино,Иван Качалин,Россия,2019,https://www.imdb.com/title/tt10693092/
27 украденных поцелуев,Кинокомедия,Нана Джорджадзе,Грузия,2000,https://www.imdb.com/title/tt0246405/
"23 - Всё не то, чем кажется",Триллер,Ганс-Христиан Шмидт,Германия,1998,https://www.imdb.com/title/tt0126765/
22 пули: Бессмертный,Триллер,Ришар Берри,Франция,2010,https://www.imdb.com/title/tt1167638/
25 ватт,Комедийная драма,Хуан Пабло Ребелья,Уругвай,2001,https://www.imdb.com/title/tt0280381/
24 часа из жизни женщины,Кинокомедия,Нэнси Савока,Соединённые Штаты Америки,1999,https://www.imdb.com/title/tt0138279/
22 минуты,Боевик (киножанр),Василий Сериков,Россия,2014,https://www.imdb.com/title/tt2856896/
22 мили,Боевик (жанр),Питер Берг,Соединённые Штаты Америки,2018,https://www.imdb.com/title/tt4560436/
22 июля,Драма (жанр),Пол Гринграсс,Соединённые Штаты Америки,2018,https://www.imdb.com/title/tt7280898/
21 мост,Драма (жанр),Брайан Кирк,Соединённые Штаты Америки,2019,https://www.imdb.com/title/tt8688634/
21 и больше,Кинокомедия,,Соединённые Штаты Америки,2013,https://www.imdb.com/title/tt1711425/
21 грамм,Драма (жанр),Алехандро Гонсалес Иньярриту,Кинематограф США,2003,https://www.imdb.com/title/tt0315733/
24 часа: Искупление,Боевик (киножанр),Джон Кассар,Южно-Африканская Республика,,https://www.imdb.com/title/tt0813980/
24 часа,Триллер,Луис Мандоки,Соединённые Штаты Америки,2002,https://www.imdb.com/title/tt0280380/
24 недели,Драматический фильм,[d],Германия,,https://www.imdb.com/title/tt5369484/
20 миллионов миль до Земли,Научно-фантастический фильм,Натан Юран,Соединённые Штаты Америки,,https://www.imdb.com/title/tt0050084/
20-е декабря,Исторический фильм,Григорий Никулин,Союз Советских Социалистических Республик,1981,https://www.imdb.com/title/tt0231006/
20 дней в Мариуполе,Документальное кино,Мстислав Чернов,Украина,2023,https://www.imdb.com/title/tt24082438/
20 сигарет,Драма (жанр),Александр Горновский,Россия,2007,https://www.imdb.com/title/tt1179019/
24 кадра,Драматический фильм,Аббас Киаростами,Иран,,https://www.imdb.com/title/tt6777170/
20 000 лье под водой,Драма (жанр),Ричард Флейшер,Соединённые Штаты Америки,1954,https://www.imdb.com/title/tt0046672/
20 000 дней на Земле,Документальный фильм,Айан Форсайт,Великобритания,2014,https://www.imdb.com/title/tt2920540/
21 ночь с Патти,,Арно Ларье,Франция,2015,https://www.imdb.com/title/tt4022440/
18-14,Историческое кино,Андрес Пуустусмаа,Россия,2007,https://www.imdb.com/title/tt1183658/
20 тысяч разновидностей пчёл,Драматический фильм,[d],Испания,,https://www.imdb.com/title/tt21113962/
20 сантиметров,Комедия,Рамон Саласар,Испания,2005,https://www.imdb.com/title/tt0421528/
18-летняя девственница,Комедия,Тамара Олсон,США,2008,https://www.imdb.com/title/tt1294969/
20 000 лье под водой,Криминальный фильм,Род Харди,Соединённые Штаты Америки,1997,https://www.imdb.com/title/tt0118248/
20 000 лье под водой,Кинофантастика,Стюарт Патон,Соединённые Штаты Америки,1916,https://www.imdb.com/title/tt0006333/
20 000 лет в Синг-Синге,Криминальная драма,Майкл Кёртис,Соединённые Штаты Америки,1932,https://www.imdb.com/title/tt0023731/
15 минут славы,Криминальная драма,Джон Херцфелд,Кинематограф США,2001,https://www.imdb.com/title/tt0179626/
15 августа,Кинокомедия,Патрик Алессандрен,Кинематограф Франции,,https://www.imdb.com/title/tt0271935/
18 бронзовых бойцов,Боевик (киножанр),Джозеф Го,Гонконг,,https://www.imdb.com/title/tt0075203/
14+: Продолжение,Мелодрама,Андрей Зайцев,Россия,2023,https://www.imdb.com/title/tt16550728/
18 мая,,Ким Джи Хун,Республика Корея,2007,https://www.imdb.com/title/tt0800341/
14+,Мелодрама,Андрей Зайцев,Россия,2015,https://www.imdb.com/title/tt4427076/
«16 кварталов»,Детективный фильм,Ричард Доннер,Соединённые Штаты Америки,2006,https://www.imdb.com/title/tt0450232/
18 килогерц,Драма (жанр),Фархат Шарипов,Флаг Казахстана,2021,https://www.imdb.com/title/tt13259906/
17 девушек,,,Франция,2011,https://www.imdb.com/title/tt1860152/
13-й район: Ультиматум,Боевик (киножанр),Патрик Алессандрен,Франция,2009,https://www.imdb.com/title/tt1247640/
13-й район: Кирпичные особняки,Боевик (киножанр),Камиль Деламарр,Франция,2014,https://www.imdb.com/title/tt1430612/
13-й район,Антиутопия,Пьер Морель,Кинематограф Франции,2004,https://www.imdb.com/title/tt0414852/
Тринадцатый апостол,Фантастический фильм,Сурен Бабаян,Союз Советских Социалистических Республик,1988,https://www.imdb.com/title/tt0096308/
16 желаний,Подростковый фильм,Питер Делуиз,Соединённые Штаты Америки,,https://www.imdb.com/title/tt1646876/
13 часов: Тайные солдаты Бенгази,Военный фильм,Майкл Бэй,Соединённые Штаты Америки,2016,https://www.imdb.com/title/tt4172430/
14 июля,Кинокомедия,Рене Клер,Франция,1933,https://www.imdb.com/title/tt0024480/
14 клинков,Боевик (киножанр),Дэниел Ли,Гонконг,2010,https://www.imdb.com/title/tt1442571/
13 убийц,Боевик (киножанр),Такаси Миикэ,Япония,2010,https://www.imdb.com/title/tt1436045/
14 амазонок,Приключенческий фильм,Чэн Ган,Гонконг,1972,https://www.imdb.com/title/tt0187499/
13-й участок,Криминальный фильм,Мартин Фрич,Флаг Чехословакии,1946,https://www.imdb.com/title/tt0168443/
13-я жертва,Ужасы,Мэл Хаус,Соединённые Штаты Америки,2008,https://www.imdb.com/title/tt0473287/
13-й знак,Ужасы,Джонти Эктон,Великобритания,2000,https://www.imdb.com/title/tt0263005/
13 призраков,Фильм ужасов,Уильям Касл,Соединённые Штаты Америки,1960,https://www.imdb.com/title/tt0053559/
13 друзей хунты,Документальный фильм,,Россия,2014,
12 стульев,Кинокомедия,Марк Захаров,Союз Советских Социалистических Республик,,https://www.imdb.com/title/tt0075468/
13 стульев,Кинокомедия,Эмерих Йозеф Войтек,Нацистская Германия,1938,https://www.imdb.com/title/tt0029831/
12 стульев,Спектакль,Александр Белинский,Союз Советских Социалистических Республик,1966,https://www.imdb.com/title/tt1663304/
12 стульев,Кинокомедия,Леонид Гайдай,Кинематограф СССР,,https://www.imdb.com/title/tt0065670/
12 раундов,Боевик (киножанр),Ренни Харлин,Кинематограф США,2009,https://www.imdb.com/title/tt1160368/
13 изгнаний дьявола,Фильм ужасов,,Флаг Испании,2022,https://www.imdb.com/title/tt21199996/
12 разгневанных мужчин,Драма (жанр),Сидни Люмет,Соединённые Штаты Америки,1957,https://www.imdb.com/title/tt0050083/
13 дней во Франции,Документальный фильм,Клод Лелуш,Франция,1968,https://www.imdb.com/title/tt0189330/
12 обезьян,Кинофантастика,Терри Гиллиам,Соединённые Штаты Америки,1995,https://www.imdb.com/title/tt0114746/
13 грехов,Триллер,,Соединённые Штаты Америки,2014,https://www.imdb.com/title/tt2059171/
12 месяцев,Кинокомедия,Александр Баршак,Россия,2013,https://www.imdb.com/title/tt2585840/
12 дней террора,Ужасы,Джек Шолдер,Южно-Африканская Республика,2004,https://www.imdb.com/title/tt0373653/
12 лет рабства,Исторический фильм,Стив Маккуин,Соединённые Штаты Америки,2013,https://www.imdb.com/title/tt2024544/
«12»,Психология,Никита Михалков,Россия,2007,https://www.imdb.com/title/tt0488478/
12:08 к востоку от Бухареста,Кинокомедия,Корнелиу Порумбою,Румыния,2006,https://www.imdb.com/title/tt0809407/
11:14,Триллер,Грег Маркс,Соединённые Штаты Америки,2003,https://www.imdb.com/title/tt0331811/
12 раундов: Перезагрузка,Боевик (киножанр),[d],Соединённые Штаты Америки,,https://www.imdb.com/title/tt2317524/
12 разгневанных мужчин,d:Q3072039,Уильям Фридкин,Соединённые Штаты Америки,,https://www.imdb.com/title/tt0118528/
10 причин моей ненависти,Романтическая комедия,Джил Джангер,Соединённые Штаты Америки,1999,https://www.imdb.com/title/tt0147800/
11 сентября,Драма (жанр),Самира Махмальбаф,Соединённые Штаты Америки,2002,https://www.imdb.com/title/tt0328802/
10 на 10,Триллер,,Великобритания,2018,https://www.imdb.com/title/tt6210996/
10 лет спустя,Драма (жанр),Джеми Линден,Соединённые Штаты Америки,2011,https://www.imdb.com/title/tt1715873/
12 могил Ходжи Насреддина,Кинокомедия,Климентий Минц,Кинематограф СССР,1966,https://www.imdb.com/title/tt5069134/
12 месяцев. Новая сказка,Фильм-сказка,Денис Елеонский,Россия,,https://www.imdb.com/title/tt5042486/
9 рота,Военный фильм,Фёдор Бондарчук,Россия,2005,https://www.imdb.com/title/tt0417397/
11-11-11,Фильм ужасов о сверхъестественном,Даррен Линн Боусман,Соединённые Штаты Америки,,https://www.imdb.com/title/tt1712159/
11.6,Драма (жанр),Филипп Годо,Франция,2013,https://www.imdb.com/title/tt2655788/
«10 000 лет до нашей эры»,Приключенческий боевик (кино),Роланд Эммерих,Соединённые Штаты Америки,2008,https://www.imdb.com/title/tt0443649/
9 смертей ниндзя,Боевик (киножанр),Эмметт Олстон,Соединённые Штаты Америки,1985,https://www.imdb.com/title/tt0089689/
10 шагов к успеху,Комедийная драма,,Соединённые Штаты Америки,2006,https://www.imdb.com/title/tt0499603/
9/11,Драма (жанр),,Соединённые Штаты Америки,2017,https://www.imdb.com/title/tt4917224/
9 апреля,,,Дания,2015,https://www.imdb.com/title/tt3542188/
9 мая. Личное отношение,,Авдотья Смирнова,Россия,,https://www.imdb.com/title/tt1436582/
8-битное Рождество,Кинокомедия,Майкл Даус,Соединённые Штаты Америки,2021,https://www.imdb.com/title/tt11540284/
8 свиданий,Романтическая кинокомедия,,Испания,2008,https://www.imdb.com/title/tt1172974/
9 песен,Драма (жанр),Майкл Уинтерботтом,Великобритания,2004,https://www.imdb.com/title/tt0411705/
8 подруг Оушена,Кинокомедия,Гэри Росс,Соединённые Штаты Америки,2018,https://www.imdb.com/title/tt5164214/
8 первых свиданий,Кинокомедия,,Россия,2012,https://www.imdb.com/title/tt2258239/
8 миллиметров,Триллер,Джоэл Шумахер,Соединённые Штаты Америки,1999,https://www.imdb.com/title/tt0134273/
10 миль в час,Документальное кино,рус.,Соединённые Штаты Америки,2007,https://www.imdb.com/title/tt0446083/
8 лучших свиданий,Кинокомедия,Марюс Вайсберг,,2016,https://www.imdb.com/title/tt5338588/
8 женщин,Мюзикл,Франсуа Озон,Кинематограф Франции,2002,https://www.imdb.com/title/tt0283832/
8 ½ $,Кинокомедия,Григорий Константинопольский,Россия,1999,https://www.imdb.com/title/tt0417396/
007: Спектр,Шпионский фильм,Сэм Мендес,Кинематограф Великобритании,2015,https://www.imdb.com/title/tt2379713/
007: Координаты «Скайфолл»,Шпионский фильм,Сэм Мендес,Великобритания,,https://www.imdb.com/title/tt1074638/
9 душ,Фильм-драма,Тосиаки Тоёда,Япония,2003,https://www.imdb.com/title/tt0370244/
9 мёртвых геев,Драма (жанр),,Великобритания,2002,https://www.imdb.com/title/tt0336910/
9 месяцев строгого режима,Кинокомедия,Альбер Дюпонтель,Франция,2013,https://www.imdb.com/title/tt2853614/
7 секунд,Боевик (киножанр),Саймон Феллоуз,Соединённые Штаты Америки,,https://www.imdb.com/title/tt0417395/
Ноль-седьмой меняет курс,Боевик (киножанр),Владимир Потапов,Россия,2007,https://www.imdb.com/title/tt1192862/
6-й день,Киберпанк,Роджер Споттисвуд,Кинематограф США,2000,https://www.imdb.com/title/tt0216216/
7:35 утра,Короткометражный фильм,Начо Вигалондо,Испания,,https://www.imdb.com/title/tt0406501/
7 ящиков,Триллер,Хуан Карлос Манелья,Парагвай,2012,https://www.imdb.com/title/tt2333598/
7 женщин,Драма (жанр),Джон Форд,Соединённые Штаты Америки,1966,https://www.imdb.com/title/tt0060050/
7 дней и ночей с Мэрилин,Драма (жанр),рус.,Великобритания,2011,https://www.imdb.com/title/tt1655420/
7 главных желаний,Кинокомедия,,Россия,,https://www.imdb.com/title/tt3338352/
6 дней,Боевик (жанр),Тоа Фрейзер,Великобритания,2017,https://www.imdb.com/title/tt4703048/
5-я волна,Постапокалиптика,,Соединённые Штаты Америки,2016,https://www.imdb.com/title/tt2304933/
7 дней до смерти,Драма (жанр),,Соединённые Штаты Америки,2000,https://www.imdb.com/title/tt0221928/
Четыре,Драматический фильм,Илья Хржановский,Россия,2004,https://www.imdb.com/title/tt0445161/
5×2,Мелодрама,Франсуа Озон,Франция,2004,https://www.imdb.com/title/tt0354356/
"4 месяца, 3 недели и 2 дня",Драма (жанр),Кристиан Мунджиу,Флаг Румынии,2007,https://www.imdb.com/title/tt1032846/
3 идиота,Комедия,Раджкумар Хирани,Индия,2009,https://www.imdb.com/title/tt1187043/
2pac: Легенда,Фильм-биография,,Соединённые Штаты Америки,2017,https://www.imdb.com/title/tt1666185/
4 маленькие девочки,,Спайк Ли,Соединённые Штаты Америки,1997,https://www.imdb.com/title/tt0118540/
4 листа фанеры,Детектив,Иван Гаврилюк,Украина,1992,https://www.imdb.com/title/tt6571730/
2+1,Драматический фильм,Хьюго Желен,Франция,2016,https://www.imdb.com/title/tt5078204/
2:22,Триллер,рус.,Соединённые Штаты Америки,2017,https://www.imdb.com/title/tt1131724/
4 дня в мае,Военный фильм,Ахим фон Боррис,Германия,2011,https://www.imdb.com/title/tt1699202/
2 Girls 1 Cup,Порнофильм,[d],Бразилия,,https://www.imdb.com/title/tt1765847/
4 американских композитора,Документальный фильм,Питер Гринуэй,Великобритания,1983,https://www.imdb.com/title/tt0085562/
1+1: Голливудская история,Комедийная драма,Нил Бёргер,Соединённые Штаты Америки,,https://www.imdb.com/title/tt1987680/
3: История Дейла Эрнхардта,Фильм-биография,Рассел Малкэхи,Соединённые Штаты Америки,,https://www.imdb.com/title/tt0401088/
3 ночи в пустыне,Драма (жанр),Гэбриэль Коуэн,Соединённые Штаты Америки,2014,https://www.imdb.com/title/tt2123884/
01-99,,Амасий Мартиросян,Союз Советских Социалистических Республик,1959,https://www.imdb.com/title/tt0360321/
1+1,Комедийная драма,Оливье Накаш,Франция,,https://www.imdb.com/title/tt1675434/
2 секунды,Комедия,Манон Брайан,Кинематограф Канады,1998,https://www.imdb.com/title/tt0158446/
2:37,Драматический фильм,[d],Австралия,,https://www.imdb.com/title/tt0472582/
1%,Криминальный фильм,Стив МакКаллум,Австралия,2017,https://www.imdb.com/title/tt6301712/
2 дурня в снегу,Комедия,Жан-Луи Гийерму,Франция,1977,https://www.imdb.com/title/tt0417603/
1,Документальный фильм,Пол Краудер,Соединённые Штаты Америки,2013,https://www.imdb.com/title/tt2518788/
(Не)идеальные роботы,Комедия,Энтони Хайнс,Соединённые Штаты Америки,2023,https://www.imdb.com/title/tt12579470/
«SOS» над тайгой,Драматический фильм,Аркадий Кольцатый,Кинематограф СССР,,https://www.imdb.com/title/tt0191415/
Чудотворец из Бирюлёва,Игровое кино,Борис Эпштейн,Союз Советских Социалистических Республик,1958,
2-Асса-2,Драма (жанр),Сергей Соловьёв,Россия,2008,https://www.imdb.com/title/tt2719860/
2 дня в Париже,Комедия,Жюли Дельпи,Франция,2007,https://www.imdb.com/title/tt0841044/
1 Night in China,Порнофильм,Шон Уолтман,Соединённые Штаты Америки,,https://www.imdb.com/title/tt0439985/
1 миля до тебя,Драма (жанр),Лейф Тильден,Соединённые Штаты Америки,2017,https://www.imdb.com/title/tt2184233/
0-41*,Документальный фильм,Сенна Хегде,Индия,2016,https://www.imdb.com/title/tt4570696/
…и передайте привет ласточкам,,Яромил Йиреш,Чехословакия,1972,https://www.imdb.com/title/tt0122844/
